time,average_temperature,humidity
2010-01,15.9,77
2010-01,16.9,78
2010-01,20.8,70
2010-01,16.0,81
2010-01,17.5,75
2010-01,16.9,82
2010-01,13.3,75
2010-01,19.9,72
2010-01,19.9,72
2010-01,17.2,75
2010-01,16.6,78
2010-01,16.0,79
2010-01,18.5,75
2010-01,11.1,91
2010-01,18.3,70
2010-01,12.5,82
2010-01,-0.2,63
2010-01,19.5,74
2010-01,16.2,78
2010-01,6.8,82
2010-01,14.4,78
2010-01,17.1,75
2010-01,10.5,88
2010-01,18.8,76
2010-01,21.3,68
2010-01,16.5,81
2010-01,18.9,86
2010-01,16.7,76
2010-02,16.7,84
2010-02,17.6,84
2010-02,22.7,74
2010-02,16.3,86
2010-02,18.5,83
2010-02,18.3,84
2010-02,13.3,84
2010-02,21.5,74
2010-02,21.9,76
2010-02,19.1,77
2010-02,18.3,80
2010-02,16.8,85
2010-02,20.2,77
2010-02,12.7,90
2010-02,20.2,74
2010-02,14.0,85
2010-02,-0.7,79
2010-02,21.4,78
2010-02,17.5,82
2010-02,8.8,79
2010-02,16.1,78
2010-02,18.5,80
2010-02,11.4,91
2010-02,20.0,82
2010-02,22.7,76
2010-02,16.6,88
2010-02,20.8,91
2010-02,17.3,82
2010-03,19.0,75
2010-03,20.0,72
2010-03,23.1,71
2010-03,18.6,77
2010-03,20.9,77
2010-03,19.8,76
2010-03,15.4,77
2010-03,23.7,69
2010-03,22.4,73
2010-03,21.4,73
2010-03,19.7,74
2010-03,17.9,79
2010-03,21.0,72
2010-03,14.0,88
2010-03,22.8,66
2010-03,15.6,81
2010-03,2.6,66
2010-03,21.9,76
2010-03,19.8,75
2010-03,10.3,74
2010-03,17.5,78
2010-03,21.1,72
2010-03,12.6,85
2010-03,22.0,77
2010-03,23.9,72
2010-03,18.6,78
2010-03,21.1,86
2010-03,19.7,74
2010-04,20.3,78
2010-04,20.7,78
2010-04,24.1,73
2010-04,19.8,80
2010-04,21.7,82
2010-04,20.7,81
2010-04,17.1,80
2010-04,24.9,74
2010-04,23.5,76
2010-04,22.2,78
2010-04,20.7,78
2010-04,19.4,81
2010-04,21.9,72
2010-04,14.6,92
2010-04,23.7,70
2010-04,16.5,82
2010-04,3.8,81
2010-04,22.9,81
2010-04,21.0,78
2010-04,12.2,86
2010-04,18.5,84
2010-04,22.0,78
2010-04,14.5,88
2010-04,22.8,79
2010-04,24.9,71
2010-04,19.9,80
2010-04,21.9,90
2010-04,20.6,77
2010-05,25.0,77
2010-05,25.5,75
2010-05,26.6,78
2010-05,24.4,79
2010-05,25.2,85
2010-05,24.9,79
2010-05,21.8,83
2010-05,27.8,75
2010-05,26.5,79
2010-05,26.5,77
2010-05,24.9,79
2010-05,23.2,82
2010-05,25.5,75
2010-05,19.3,90
2010-05,27.6,71
2010-05,21.1,82
2010-05,5.9,81
2010-05,25.7,83
2010-05,25.2,79
2010-05,13.9,89
2010-05,21.4,84
2010-05,26.6,75
2010-05,19.6,90
2010-05,25.9,82
2010-05,27.2,75
2010-05,24.5,79
2010-05,24.1,91
2010-05,25.2,76
2010-06,26.5,78
2010-06,26.2,82
2010-06,28.0,75
2010-06,25.2,85
2010-06,26.8,87
2010-06,25.8,83
2010-06,24.3,88
2010-06,28.3,79
2010-06,27.7,80
2010-06,27.7,80
2010-06,25.8,82
2010-06,24.4,89
2010-06,26.5,79
2010-06,20.5,92
2010-06,28.1,75
2010-06,22.3,89
2010-06,6.8,84
2010-06,27.0,83
2010-06,26.6,79
2010-06,14.5,93
2010-06,21.6,87
2010-06,27.1,78
2010-06,23.1,89
2010-06,27.5,85
2010-06,28.0,84
2010-06,25.6,83
2010-06,25.3,92
2010-06,26.0,80
2010-07,29.9,73
2010-07,30.3,69
2010-07,29.1,75
2010-07,29.5,72
2010-07,28.6,84
2010-07,28.8,77
2010-07,28.0,85
2010-07,29.5,76
2010-07,29.3,77
2010-07,29.0,79
2010-07,28.9,76
2010-07,27.9,86
2010-07,28.8,73
2010-07,23.2,88
2010-07,29.3,72
2010-07,25.3,83
2010-07,8.0,74
2010-07,28.7,80
2010-07,29.2,74
2010-07,15.1,91
2010-07,22.8,85
2010-07,29.2,74
2010-07,27.1,89
2010-07,29.2,82
2010-07,28.6,82
2010-07,29.9,71
2010-07,26.2,90
2010-07,29.8,72
2010-08,29.6,72
2010-08,30.0,72
2010-08,28.9,77
2010-08,29.3,74
2010-08,29.3,82
2010-08,28.7,78
2010-08,29.0,78
2010-08,29.4,78
2010-08,29.4,75
2010-08,28.8,81
2010-08,28.8,77
2010-08,28.3,85
2010-08,28.9,73
2010-08,23.0,91
2010-08,29.6,71
2010-08,25.2,82
2010-08,7.9,79
2010-08,29.0,79
2010-08,29.3,75
2010-08,14.9,90
2010-08,22.9,84
2010-08,28.9,77
2010-08,28.1,85
2010-08,29.7,81
2010-08,28.6,81
2010-08,29.3,75
2010-08,26.0,92
2010-08,29.7,72
2010-09,28.1,76
2010-09,28.8,72
2010-09,27.0,82
2010-09,27.9,77
2010-09,28.0,83
2010-09,27.6,77
2010-09,27.3,81
2010-09,28.3,80
2010-09,27.6,79
2010-09,27.5,84
2010-09,27.8,76
2010-09,26.9,84
2010-09,27.1,76
2010-09,21.7,92
2010-09,28.4,74
2010-09,23.8,84
2010-09,6.8,82
2010-09,27.2,81
2010-09,28.1,77
2010-09,14.4,88
2010-09,22.3,87
2010-09,28.1,77
2010-09,27.1,85
2010-09,28.2,82
2010-09,27.4,83
2010-09,28.2,75
2010-09,25.0,92
2010-09,28.5,73
2010-10,24.3,78
2010-10,24.4,79
2010-10,26.0,76
2010-10,23.6,82
2010-10,25.2,77
2010-10,23.9,82
2010-10,22.9,68
2010-10,27.0,76
2010-10,25.9,76
2010-10,25.1,82
2010-10,23.8,82
2010-10,23.5,79
2010-10,25.1,74
2010-10,17.7,97
2010-10,26.3,72
2010-10,19.8,87
2010-10,6.2,73
2010-10,25.6,78
2010-10,24.7,75
2010-10,13.2,88
2010-10,20.7,85
2010-10,25.9,72
2010-10,21.4,77
2010-10,25.5,78
2010-10,26.3,76
2010-10,24.0,79
2010-10,23.6,88
2010-10,24.3,76
2010-11,20.9,76
2010-11,21.1,75
2010-11,23.7,69
2010-11,20.4,80
2010-11,21.5,76
2010-11,20.3,82
2010-11,18.9,70
2010-11,23.7,74
2010-11,22.9,70
2010-11,20.9,83
2010-11,20.2,83
2010-11,20.6,72
2010-11,21.9,71
2010-11,14.6,94
2010-11,22.1,73
2010-11,16.4,87
2010-11,2.8,68
2010-11,22.5,74
2010-11,20.9,76
2010-11,10.2,85
2010-11,17.7,80
2010-11,21.8,71
2010-11,17.0,78
2010-11,22.2,73
2010-11,23.9,69
2010-11,20.9,76
2010-11,21.1,81
2010-11,21.0,74
2010-12,16.4,74
2010-12,17.5,70
2010-12,20.8,68
2010-12,16.2,74
2010-12,19.0,70
2010-12,17.2,73
2010-12,14.8,73
2010-12,20.9,67
2010-12,20.1,66
2010-12,17.6,76
2010-12,17.1,73
2010-12,17.0,71
2010-12,18.8,66
2010-12,11.2,83
2010-12,19.2,66
2010-12,12.9,77
2010-12,-0.2,56
2010-12,19.5,72
2010-12,17.3,71
2010-12,7.3,76
2010-12,14.5,73
2010-12,18.1,67
2010-12,13.5,75
2010-12,19.9,69
2010-12,21.4,69
2010-12,16.9,69
2010-12,18.8,78
2010-12,16.9,72
2011-01,13.3,86
2011-01,13.7,83
2011-01,18.8,68
2011-01,12.7,84
2011-01,14.2,79
2011-01,13.9,81
2011-01,10.6,70
2011-01,17.5,72
2011-01,17.7,68
2011-01,14.7,80
2011-01,13.9,84
2011-01,12.7,80
2011-01,16.4,71
2011-01,7.5,98
2011-01,15.4,74
2011-01,9.2,93
2011-01,-2.2,78
2011-01,17.3,72
2011-01,13.8,79
2011-01,5.5,91
2011-01,12.5,81
2011-01,14.9,74
2011-01,7.1,76
2011-01,15.5,78
2011-01,19.2,70
2011-01,13.6,79
2011-01,16.2,90
2011-01,13.6,81
2011-02,15.2,86
2011-02,16.9,78
2011-02,20.8,71
2011-02,15.2,81
2011-02,15.6,82
2011-02,17.2,79
2011-02,12.6,77
2011-02,20.1,72
2011-02,20.3,69
2011-02,16.9,81
2011-02,17.1,80
2011-02,16.1,78
2011-02,18.7,73
2011-02,11.1,91
2011-02,17.9,73
2011-02,12.7,88
2011-02,-1.4,71
2011-02,19.6,75
2011-02,15.1,83
2011-02,6.7,85
2011-02,14.8,76
2011-02,17.2,74
2011-02,9.1,84
2011-02,17.3,79
2011-02,21.3,73
2011-02,16.3,79
2011-02,18.6,83
2011-02,16.4,78
2011-03,15.5,82
2011-03,16.2,74
2011-03,20.0,70
2011-03,14.9,76
2011-03,18.0,74
2011-03,16.2,79
2011-03,13.9,66
2011-03,21.4,68
2011-03,19.2,69
2011-03,18.0,77
2011-03,16.0,79
2011-03,15.2,75
2011-03,17.8,74
2011-03,9.9,92
2011-03,19.2,68
2011-03,11.5,88
2011-03,0.9,77
2011-03,18.4,76
2011-03,16.3,75
2011-03,8.6,88
2011-03,15.0,83
2011-03,18.2,69
2011-03,10.5,78
2011-03,18.9,73
2011-03,20.9,71
2011-03,15.7,74
2011-03,17.6,85
2011-03,15.9,75
2011-04,21.0,76
2011-04,21.7,68
2011-04,23.1,70
2011-04,20.4,76
2011-04,22.2,76
2011-04,20.7,74
2011-04,18.6,76
2011-04,24.6,69
2011-04,22.7,71
2011-04,22.7,74
2011-04,20.9,73
2011-04,19.9,78
2011-04,21.5,71
2011-04,15.7,81
2011-04,23.9,66
2011-04,17.3,81
2011-04,3.0,68
2011-04,21.8,76
2011-04,21.8,74
2011-04,9.8,81
2011-04,17.9,76
2011-04,23.1,64
2011-04,16.1,81
2011-04,22.4,75
2011-04,23.7,72
2011-04,20.5,71
2011-04,20.6,82
2011-04,21.2,71
2011-05,24.3,84
2011-05,24.8,78
2011-05,26.1,80
2011-05,23.5,86
2011-05,24.7,81
2011-05,24.0,83
2011-05,22.1,88
2011-05,27.2,75
2011-05,25.7,83
2011-05,25.6,80
2011-05,24.2,79
2011-05,22.6,88
2011-05,24.7,79
2011-05,19.1,93
2011-05,26.7,72
2011-05,20.6,90
2011-05,5.4,84
2011-05,24.9,86
2011-05,24.9,80
2011-05,13.1,89
2011-05,20.9,84
2011-05,26.0,74
2011-05,19.9,91
2011-05,24.8,81
2011-05,26.5,81
2011-05,23.8,82
2011-05,23.6,93
2011-05,24.5,78
2011-06,28.5,76
2011-06,29.0,74
2011-06,28.2,78
2011-06,27.9,80
2011-06,28.1,83
2011-06,28.1,78
2011-06,27.4,89
2011-06,29.3,76
2011-06,28.2,80
2011-06,28.7,76
2011-06,27.7,80
2011-06,26.4,89
2011-06,27.5,76
2011-06,22.7,88
2011-06,29.1,72
2011-06,24.2,86
2011-06,7.3,73
2011-06,27.3,85
2011-06,28.6,77
2011-06,14.7,84
2011-06,22.7,84
2011-06,29.1,71
2011-06,26.0,89
2011-06,27.9,83
2011-06,28.3,83
2011-06,28.2,75
2011-06,25.3,91
2011-06,28.6,74
2011-07,28.8,77
2011-07,29.7,73
2011-07,28.0,80
2011-07,28.4,77
2011-07,28.2,84
2011-07,28.4,77
2011-07,27.5,91
2011-07,28.7,80
2011-07,28.7,78
2011-07,28.7,77
2011-07,28.6,77
2011-07,27.9,85
2011-07,28.4,77
2011-07,23.1,88
2011-07,28.7,76
2011-07,24.7,85
2011-07,8.0,76
2011-07,27.7,84
2011-07,28.8,77
2011-07,14.5,90
2011-07,22.5,86
2011-07,28.8,73
2011-07,27.4,87
2011-07,28.1,82
2011-07,28.1,81
2011-07,29.3,73
2011-07,25.5,91
2011-07,29.2,72
2011-08,29.3,75
2011-08,29.6,73
2011-08,28.3,76
2011-08,28.7,75
2011-08,29.1,80
2011-08,28.8,73
2011-08,28.3,86
2011-08,29.5,76
2011-08,29.0,76
2011-08,29.1,76
2011-08,29.0,75
2011-08,28.3,83
2011-08,28.7,73
2011-08,23.1,88
2011-08,29.5,72
2011-08,24.8,83
2011-08,7.4,75
2011-08,28.2,79
2011-08,29.3,76
2011-08,14.4,88
2011-08,22.9,84
2011-08,29.1,72
2011-08,27.8,85
2011-08,28.9,79
2011-08,28.2,81
2011-08,29.4,73
2011-08,26.0,89
2011-08,29.3,70
2011-09,27.7,73
2011-09,27.6,71
2011-09,27.0,76
2011-09,26.9,74
2011-09,27.6,79
2011-09,26.4,76
2011-09,26.8,79
2011-09,28.7,75
2011-09,27.4,76
2011-09,27.5,78
2011-09,26.6,76
2011-09,25.9,81
2011-09,26.8,73
2011-09,20.6,87
2011-09,28.8,70
2011-09,22.6,81
2011-09,7.6,68
2011-09,26.8,78
2011-09,27.5,76
2011-09,13.6,91
2011-09,22.3,84
2011-09,28.1,70
2011-09,26.0,80
2011-09,27.3,81
2011-09,27.5,77
2011-09,26.9,76
2011-09,24.9,90
2011-09,27.5,67
2011-10,24.5,78
2011-10,24.1,77
2011-10,25.5,77
2011-10,23.2,79
2011-10,25.0,75
2011-10,23.4,84
2011-10,23.6,69
2011-10,27.0,77
2011-10,25.5,76
2011-10,24.9,81
2011-10,23.3,82
2011-10,23.5,77
2011-10,24.7,76
2011-10,17.6,92
2011-10,26.2,72
2011-10,19.4,88
2011-10,5.6,75
2011-10,25.0,77
2011-10,24.4,77
2011-10,12.2,91
2011-10,20.9,84
2011-10,26.0,70
2011-10,21.3,79
2011-10,25.2,81
2011-10,26.3,74
2011-10,23.8,79
2011-10,23.3,90
2011-10,24.1,72
2011-11,22.8,81
2011-11,22.9,79
2011-11,24.5,78
2011-11,22.2,81
2011-11,23.1,82
2011-11,22.2,86
2011-11,21.0,78
2011-11,25.2,79
2011-11,23.8,78
2011-11,23.2,84
2011-11,22.1,84
2011-11,21.8,82
2011-11,23.0,78
2011-11,16.8,93
2011-11,24.1,79
2011-11,18.6,91
2011-11,4.3,71
2011-11,23.6,79
2011-11,22.8,81
2011-11,11.4,87
2011-11,19.4,85
2011-11,23.8,78
2011-11,18.9,84
2011-11,23.7,84
2011-11,25.2,76
2011-11,22.4,83
2011-11,22.4,92
2011-11,22.9,78
2011-12,16.6,82
2011-12,16.7,83
2011-12,20.9,72
2011-12,15.8,84
2011-12,17.8,76
2011-12,16.6,85
2011-12,14.9,67
2011-12,20.1,76
2011-12,19.9,74
2011-12,17.9,78
2011-12,16.7,84
2011-12,16.3,77
2011-12,19.0,74
2011-12,10.6,96
2011-12,18.4,75
2011-12,12.3,92
2011-12,1.8,72
2011-12,19.5,75
2011-12,17.1,77
2011-12,7.8,89
2011-12,15.0,84
2011-12,17.8,72
2011-12,12.0,73
2011-12,18.5,78
2011-12,21.3,72
2011-12,16.7,83
2011-12,18.4,92
2011-12,16.8,79
2012-01,15.3,87
2012-01,15.9,86
2012-01,20.2,74
2012-01,14.9,90
2012-01,15.1,82
2012-01,16.0,84
2012-01,12.1,82
2012-01,19.3,75
2012-01,19.4,75
2012-01,16.6,80
2012-01,16.1,83
2012-01,15.3,80
2012-01,17.8,77
2012-01,9.9,96
2012-01,17.2,79
2012-01,11.6,94
2012-01,-1.5,76
2012-01,18.8,78
2012-01,15.5,83
2012-01,6.5,83
2012-01,14.1,82
2012-01,16.6,75
2012-01,8.9,86
2012-01,16.1,84
2012-01,21.0,74
2012-01,15.5,85
2012-01,18.1,91
2012-01,15.8,81
2012-02,15.0,91
2012-02,16.4,86
2012-02,21.2,76
2012-02,14.8,88
2012-02,14.9,84
2012-02,16.7,86
2012-02,11.9,83
2012-02,20.1,76
2012-02,20.3,74
2012-02,16.6,80
2012-02,16.9,83
2012-02,15.7,83
2012-02,18.7,78
2012-02,11.0,94
2012-02,17.6,80
2012-02,12.6,94
2012-02,0.0,85
2012-02,19.9,79
2012-02,14.4,86
2012-02,8.0,89
2012-02,15.5,81
2012-02,16.7,75
2012-02,8.4,87
2012-02,16.6,85
2012-02,21.9,78
2012-02,15.7,87
2012-02,19.2,91
2012-02,16.2,80
2012-03,17.4,81
2012-03,18.8,78
2012-03,23.2,74
2012-03,17.1,81
2012-03,19.2,79
2012-03,19.4,79
2012-03,15.1,80
2012-03,23.6,71
2012-03,22.5,73
2012-03,19.9,82
2012-03,19.5,76
2012-03,17.9,79
2012-03,20.8,76
2012-03,13.7,88
2012-03,21.4,73
2012-03,15.3,87
2012-03,2.2,74
2012-03,21.8,79
2012-03,17.8,80
2012-03,10.2,79
2012-03,17.9,78
2012-03,19.8,75
2012-03,11.4,86
2012-03,20.4,81
2012-03,24.0,75
2012-03,17.6,81
2012-03,20.9,86
2012-03,18.5,74
2012-04,23.3,78
2012-04,23.1,76
2012-04,24.9,77
2012-04,22.4,81
2012-04,24.4,80
2012-04,22.3,79
2012-04,20.1,86
2012-04,26.6,77
2012-04,24.3,77
2012-04,24.8,80
2012-04,22.2,77
2012-04,21.4,81
2012-04,22.8,77
2012-04,17.3,89
2012-04,26.1,74
2012-04,19.0,85
2012-04,2.8,92
2012-04,23.5,82
2012-04,24.1,79
2012-04,11.3,91
2012-04,19.4,81
2012-04,24.6,75
2012-04,17.8,86
2012-04,24.7,81
2012-04,25.8,78
2012-04,22.6,77
2012-04,22.5,89
2012-04,22.9,74
2012-05,25.8,79
2012-05,25.9,71
2012-05,26.4,81
2012-05,24.9,80
2012-05,26.1,85
2012-05,24.6,82
2012-05,23.6,86
2012-05,28.0,79
2012-05,26.4,78
2012-05,26.9,78
2012-05,24.6,82
2012-05,23.7,83
2012-05,25.2,78
2012-05,19.7,85
2012-05,27.6,79
2012-05,21.4,83
2012-05,6.1,84
2012-05,25.5,82
2012-05,26.2,79
2012-05,13.2,91
2012-05,21.3,81
2012-05,26.9,74
2012-05,21.3,87
2012-05,26.1,83
2012-05,27.4,78
2012-05,24.9,79
2012-05,24.4,88
2012-05,25.8,71
2012-06,27.8,84
2012-06,27.8,73
2012-06,27.1,86
2012-06,26.7,82
2012-06,27.2,86
2012-06,26.8,84
2012-06,26.4,88
2012-06,28.5,83
2012-06,27.2,83
2012-06,27.9,83
2012-06,27.3,81
2012-06,25.8,90
2012-06,26.9,81
2012-06,21.7,91
2012-06,28.1,84
2012-06,23.3,89
2012-06,7.5,88
2012-06,26.8,88
2012-06,27.5,83
2012-06,14.9,93
2012-06,22.1,89
2012-06,27.8,79
2012-06,24.8,85
2012-06,27.0,86
2012-06,28.2,84
2012-06,27.1,81
2012-06,25.4,93
2012-06,27.7,77
2012-07,29.7,75
2012-07,30.6,65
2012-07,28.1,77
2012-07,29.6,72
2012-07,28.7,80
2012-07,28.9,78
2012-07,29.0,83
2012-07,29.5,77
2012-07,28.6,77
2012-07,29.0,74
2012-07,29.2,80
2012-07,27.8,87
2012-07,28.5,74
2012-07,23.4,84
2012-07,29.3,79
2012-07,25.2,80
2012-07,7.7,77
2012-07,27.8,81
2012-07,29.2,78
2012-07,15.1,90
2012-07,22.9,87
2012-07,29.1,73
2012-07,27.5,83
2012-07,28.5,82
2012-07,28.6,81
2012-07,29.5,73
2012-07,25.8,91
2012-07,30.2,67
2012-08,28.6,80
2012-08,29.2,75
2012-08,28.1,77
2012-08,28.1,79
2012-08,28.0,84
2012-08,28.2,80
2012-08,29.1,80
2012-08,28.1,83
2012-08,28.5,78
2012-08,28.1,81
2012-08,28.5,81
2012-08,27.3,89
2012-08,28.1,76
2012-08,22.6,88
2012-08,28.0,84
2012-08,24.3,84
2012-08,7.2,85
2012-08,27.6,82
2012-08,28.3,80
2012-08,14.5,95
2012-08,22.3,88
2012-08,28.0,77
2012-08,27.6,86
2012-08,27.5,85
2012-08,28.0,86
2012-08,28.6,77
2012-08,25.4,92
2012-08,28.9,73
2012-09,26.8,76
2012-09,27.3,70
2012-09,27.6,74
2012-09,26.3,73
2012-09,27.7,74
2012-09,26.4,76
2012-09,27.1,74
2012-09,28.7,73
2012-09,27.4,76
2012-09,27.6,74
2012-09,26.3,79
2012-09,25.6,81
2012-09,26.8,71
2012-09,20.5,86
2012-09,28.5,68
2012-09,22.2,82
2012-09,7.1,72
2012-09,26.4,79
2012-09,27.1,74
2012-09,13.8,92
2012-09,22.0,85
2012-09,27.6,69
2012-09,25.2,79
2012-09,27.3,76
2012-09,28.1,76
2012-09,27.2,71
2012-09,24.8,87
2012-09,26.9,69
2012-10,23.9,70
2012-10,24.1,67
2012-10,25.4,68
2012-10,22.9,77
2012-10,25.1,68
2012-10,23.6,72
2012-10,23.5,66
2012-10,26.6,69
2012-10,25.2,69
2012-10,24.5,72
2012-10,23.1,76
2012-10,23.2,71
2012-10,24.3,71
2012-10,17.0,86
2012-10,25.6,69
2012-10,18.8,82
2012-10,7.1,50
2012-10,24.7,71
2012-10,23.7,71
2012-10,12.1,78
2012-10,19.7,81
2012-10,24.9,64
2012-10,21.6,73
2012-10,24.9,71
2012-10,26.0,69
2012-10,23.9,69
2012-10,22.7,80
2012-10,23.8,66
2012-11,21.0,79
2012-11,21.2,74
2012-11,23.7,72
2012-11,20.3,83
2012-11,23.0,74
2012-11,20.4,84
2012-11,19.8,76
2012-11,24.9,75
2012-11,23.0,76
2012-11,22.2,80
2012-11,20.3,86
2012-11,20.0,78
2012-11,21.4,79
2012-11,15.0,91
2012-11,23.6,74
2012-11,16.7,88
2012-11,2.6,78
2012-11,22.2,81
2012-11,21.4,80
2012-11,10.5,88
2012-11,18.3,83
2012-11,22.3,71
2012-11,17.7,77
2012-11,23.3,74
2012-11,24.5,74
2012-11,21.1,75
2012-11,21.2,91
2012-11,21.1,74
2012-12,17.3,82
2012-12,17.8,77
2012-12,21.4,71
2012-12,17.0,84
2012-12,19.0,77
2012-12,17.5,85
2012-12,15.2,77
2012-12,21.1,74
2012-12,20.3,76
2012-12,18.4,81
2012-12,17.3,86
2012-12,16.9,81
2012-12,18.8,78
2012-12,11.6,94
2012-12,19.5,72
2012-12,13.2,89
2012-12,0.1,76
2012-12,19.5,81
2012-12,17.6,81
2012-12,8.1,85
2012-12,15.1,88
2012-12,18.4,73
2012-12,12.3,78
2012-12,19.8,75
2012-12,22.2,73
2012-12,17.7,78
2012-12,19.3,87
2012-12,17.7,75
2013-01,15.8,82
2013-01,16.7,75
2013-01,20.8,67
2013-01,15.6,85
2013-01,16.0,79
2013-01,16.7,85
2013-01,13.4,72
2013-01,19.7,71
2013-01,19.9,71
2013-01,16.7,80
2013-01,16.6,84
2013-01,16.0,80
2013-01,18.4,72
2013-01,10.6,92
2013-01,17.5,73
2013-01,12.2,88
2013-01,-0.6,60
2013-01,19.1,76
2013-01,15.6,85
2013-01,6.4,82
2013-01,14.3,82
2013-01,16.9,74
2013-01,9.8,79
2013-01,17.1,76
2013-01,21.4,70
2013-01,16.3,80
2013-01,18.5,84
2013-01,16.5,73
2013-02,17.3,82
2013-02,18.8,75
2013-02,22.8,74
2013-02,17.3,87
2013-02,17.7,82
2013-02,19.1,86
2013-02,14.7,79
2013-02,22.3,73
2013-02,22.4,78
2013-02,19.4,80
2013-02,19.1,85
2013-02,17.6,88
2013-02,20.7,75
2013-02,13.2,94
2013-02,20.4,73
2013-02,14.9,91
2013-02,2.9,56
2013-02,21.2,80
2013-02,17.1,88
2013-02,9.7,80
2013-02,17.5,81
2013-02,19.4,74
2013-02,10.6,84
2013-02,18.8,80
2013-02,23.5,73
2013-02,17.4,86
2013-02,20.4,86
2013-02,18.6,76
2013-03,19.2,77
2013-03,19.9,69
2013-03,23.7,70
2013-03,18.6,80
2013-03,20.7,76
2013-03,20.0,79
2013-03,16.3,78
2013-03,23.9,71
2013-03,23.2,70
2013-03,21.0,78
2013-03,20.1,78
2013-03,18.5,82
2013-03,21.4,71
2013-03,13.9,89
2013-03,22.5,71
2013-03,15.6,86
2013-03,1.4,67
2013-03,22.2,76
2013-03,19.9,82
2013-03,9.9,77
2013-03,17.8,83
2013-03,21.0,72
2013-03,13.5,76
2013-03,21.3,74
2013-03,24.3,70
2013-03,18.7,79
2013-03,21.1,85
2013-03,19.7,71
2013-04,20.9,81
2013-04,21.1,74
2013-04,24.2,75
2013-04,20.6,81
2013-04,22.3,80
2013-04,20.8,81
2013-04,18.3,85
2013-04,25.1,76
2013-04,23.4,76
2013-04,22.5,82
2013-04,20.6,84
2013-04,20.1,81
2013-04,21.5,80
2013-04,15.4,90
2013-04,23.9,76
2013-04,16.8,88
2013-04,2.9,88
2013-04,22.3,81
2013-04,21.3,82
2013-04,11.3,91
2013-04,17.9,93
2013-04,22.2,79
2013-04,16.3,77
2013-04,22.7,80
2013-04,25.0,74
2013-04,20.6,78
2013-04,21.4,89
2013-04,21.0,76
2013-05,26.0,78
2013-05,26.0,72
2013-05,26.2,80
2013-05,25.2,80
2013-05,25.7,83
2013-05,24.7,84
2013-05,23.4,88
2013-05,27.6,82
2013-05,26.4,81
2013-05,26.6,80
2013-05,24.5,87
2013-05,23.5,89
2013-05,24.9,84
2013-05,20.1,90
2013-05,27.3,79
2013-05,21.6,87
2013-05,5.3,88
2013-05,25.3,86
2013-05,25.9,79
2013-05,13.2,94
2013-05,20.8,92
2013-05,,
2013-05,21.3,86
2013-05,25.5,85
2013-05,27.1,81
2013-05,25.0,80
2013-05,23.9,91
2013-05,26.4,75
2013-05,25.8,74
2013-06,28.9,74
2013-06,29.2,69
2013-06,28.5,75
2013-06,28.5,76
2013-06,28.0,83
2013-06,27.7,80
2013-06,26.7,91
2013-06,29.8,77
2013-06,29.0,77
2013-06,28.8,74
2013-06,27.7,83
2013-06,26.3,91
2013-06,27.8,77
2013-06,23.0,87
2013-06,29.5,75
2013-06,24.5,84
2013-06,7.1,81
2013-06,27.7,83
2013-06,28.4,77
2013-06,14.9,86
2013-06,22.9,87
2013-06,28.8,72
2013-06,25.2,84
2013-06,27.7,85
2013-06,29.1,78
2013-06,28.2,77
2013-06,26.3,88
2013-06,29.0,71
2013-07,28.9,73
2013-07,29.5,68
2013-07,28.2,76
2013-07,29.1,71
2013-07,29.1,78
2013-07,29.0,73
2013-07,27.9,87
2013-07,29.7,75
2013-07,29.1,75
2013-07,28.4,76
2013-07,28.6,76
2013-07,27.4,89
2013-07,28.3,75
2013-07,23.3,85
2013-07,29.4,73
2013-07,24.7,82
2013-07,7.2,78
2013-07,27.9,80
2013-07,28.7,74
2013-07,14.4,90
2013-07,22.9,81
2013-07,28.8,77
2013-07,27.7,78
2013-07,28.6,79
2013-07,28.6,77
2013-07,29.5,68
2013-07,25.9,89
2013-07,28.1,74
2013-07,29.2,69
2013-08,28.9,75
2013-08,29.6,68
2013-08,28.0,78
2013-08,29.1,75
2013-08,28.7,85
2013-08,28.9,77
2013-08,27.7,87
2013-08,29.0,81
2013-08,28.7,77
2013-08,28.0,82
2013-08,28.5,80
2013-08,28.0,88
2013-08,28.3,76
2013-08,24.1,83
2013-08,28.9,79
2013-08,24.8,83
2013-08,7.7,85
2013-08,27.7,82
2013-08,28.5,78
2013-08,14.8,92
2013-08,22.9,82
2013-08,28.8,81
2013-08,27.8,80
2013-08,28.2,82
2013-08,28.2,80
2013-08,29.3,72
2013-08,25.7,88
2013-08,28.2,77
2013-08,29.1,70
2013-09,27.7,71
2013-09,27.9,67
2013-09,27.7,74
2013-09,27.4,72
2013-09,27.9,79
2013-09,27.0,79
2013-09,26.9,72
2013-09,28.6,77
2013-09,27.8,75
2013-09,27.5,80
2013-09,26.6,81
2013-09,26.3,84
2013-09,26.8,74
2013-09,21.2,90
2013-09,28.6,74
2013-09,22.9,84
2013-09,7.9,75
2013-09,27.0,77
2013-09,27.3,75
2013-09,14.1,90
2013-09,22.6,82
2013-09,27.2,77
2013-09,26.3,76
2013-09,27.4,79
2013-09,28.0,73
2013-09,27.1,78
2013-09,24.9,88
2013-09,27.8,73
2013-09,27.8,67
2013-10,24.2,68
2013-10,24.2,68
2013-10,25.8,69
2013-10,23.6,74
2013-10,25.2,70
2013-10,24.2,74
2013-10,24.1,62
2013-10,26.6,69
2013-10,25.8,68
2013-10,24.2,77
2013-10,23.5,77
2013-10,23.5,76
2013-10,24.6,72
2013-10,17.2,92
2013-10,25.7,69
2013-10,19.0,86
2013-10,7.3,55
2013-10,25.1,70
2013-10,24.1,72
2013-10,11.6,83
2013-10,20.1,80
2013-10,24.3,71
2013-10,23.0,66
2013-10,25.0,72
2013-10,26.2,68
2013-10,24.0,74
2013-10,23.2,83
2013-10,24.9,65
2013-10,24.0,68
2013-11,21.0,71
2013-11,21.2,68
2013-11,23.4,72
2013-11,21.0,73
2013-11,22.2,72
2013-11,20.8,80
2013-11,19.8,67
2013-11,24.3,71
2013-11,22.8,73
2013-11,21.4,78
2013-11,20.2,83
2013-11,20.0,77
2013-11,21.5,77
2013-11,14.7,90
2013-11,22.8,71
2013-11,16.4,84
2013-11,2.9,75
2013-11,22.3,75
2013-11,21.0,75
2013-11,10.2,80
2013-11,18.3,77
2013-11,20.7,75
2013-11,17.8,73
2013-11,22.4,72
2013-11,24.2,73
2013-11,20.6,77
2013-11,21.1,83
2013-11,22.1,68
2013-11,21.2,68
2013-12,16.1,74
2013-12,16.4,71
2013-12,20.4,69
2013-12,16.2,78
2013-12,18.1,73
2013-12,16.5,81
2013-12,14.4,65
2013-12,19.9,67
2013-12,19.4,71
2013-12,16.8,78
2013-12,16.1,83
2013-12,15.9,74
2013-12,18.1,73
2013-12,10.0,95
2013-12,18.0,72
2013-12,11.8,87
2013-12,-0.3,71
2013-12,19.1,72
2013-12,16.3,76
2013-12,6.9,83
2013-12,14.2,75
2013-12,16.2,75
2013-12,12.3,70
2013-12,18.5,70
2013-12,21.1,69
2013-12,16.2,79
2013-12,18.2,85
2013-12,17.1,70
2013-12,16.2,73
2014-01,15.6,69
2014-01,16.8,62
2014-01,19.8,64
2014-01,16.2,70
2014-01,17.2,72
2014-01,16.8,71
2014-01,13.7,65
2014-01,19.5,64
2014-01,19.1,65
2014-01,16.1,74
2014-01,16.3,72
2014-01,16.3,68
2014-01,17.9,65
2014-01,10.2,83
2014-01,17.6,68
2014-01,12.0,76
2014-01,0.4,35
2014-01,18.4,66
2014-01,15.6,74
2014-01,4.5,71
2014-01,13.6,67
2014-01,15.5,72
2014-01,11.2,73
2014-01,18.0,69
2014-01,20.5,64
2014-01,16.3,70
2014-01,17.6,73
2014-01,16.4,66
2014-01,16.2,63
2014-02,15.4,80
2014-02,16.5,71
2014-02,20.1,74
2014-02,15.7,83
2014-02,17.4,79
2014-02,16.9,80
2014-02,12.8,79
2014-02,20.3,70
2014-02,19.3,76
2014-02,17.1,80
2014-02,16.6,82
2014-02,15.5,84
2014-02,17.8,79
2014-02,10.5,90
2014-02,18.4,75
2014-02,12.3,86
2014-02,-1.0,81
2014-02,18.6,79
2014-02,15.8,82
2014-02,7.0,84
2014-02,14.2,80
2014-02,15.2,84
2014-02,10.1,83
2014-02,18.1,75
2014-02,21.2,74
2014-02,15.8,81
2014-02,18.1,86
2014-02,17.0,74
2014-02,16.0,75
2014-03,18.0,76
2014-03,18.9,72
2014-03,21.3,74
2014-03,18.3,76
2014-03,19.1,80
2014-03,18.6,78
2014-03,15.3,76
2014-03,22.6,72
2014-03,20.8,75
2014-03,19.9,78
2014-03,18.3,80
2014-03,17.5,81
2014-03,19.3,77
2014-03,12.7,89
2014-03,21.3,71
2014-03,14.3,84
2014-03,1.3,86
2014-03,19.7,80
2014-03,18.4,80
2014-03,9.9,82
2014-03,16.3,84
2014-03,17.4,80
2014-03,12.9,78
2014-03,19.7,76
2014-03,22.4,73
2014-03,18.1,75
2014-03,19.0,84
2014-03,19.8,72
2014-03,18.5,72
2014-04,22.3,75
2014-04,22.5,77
2014-04,24.1,76
2014-04,22.0,77
2014-04,23.2,79
2014-04,21.7,81
2014-04,19.3,78
2014-04,25.9,74
2014-04,23.9,76
2014-04,23.5,79
2014-04,21.7,82
2014-04,20.3,83
2014-04,22.3,80
2014-04,16.3,87
2014-04,25.0,73
2014-04,18.0,83
2014-04,4.6,77
2014-04,22.7,80
2014-04,22.6,79
2014-04,11.8,85
2014-04,19.4,81
2014-04,21.5,80
2014-04,16.7,79
2014-04,23.3,76
2014-04,25.2,73
2014-04,21.4,79
2014-04,21.9,84
2014-04,24.1,69
2014-04,22.4,74
2014-05,25.3,80
2014-05,25.2,81
2014-05,27.2,76
2014-05,24.6,86
2014-05,25.7,88
2014-05,24.2,86
2014-05,22.2,87
2014-05,27.8,78
2014-05,26.8,77
2014-05,26.2,81
2014-05,24.0,89
2014-05,23.0,90
2014-05,24.8,85
2014-05,19.7,88
2014-05,27.2,79
2014-05,21.2,88
2014-05,5.4,94
2014-05,25.4,82
2014-05,25.4,85
2014-05,12.9,94
2014-05,20.9,86
2014-05,24.4,88
2014-05,20.7,83
2014-05,25.7,83
2014-05,27.8,75
2014-05,24.4,86
2014-05,24.5,89
2014-05,25.8,78
2014-05,25.1,80
2014-06,28.3,78
2014-06,28.0,76
2014-06,28.6,77
2014-06,27.5,83
2014-06,27.8,86
2014-06,27.4,82
2014-06,26.5,86
2014-06,29.2,81
2014-06,28.7,79
2014-06,28.7,77
2014-06,27.2,85
2014-06,25.9,89
2014-06,27.7,82
2014-06,22.1,87
2014-06,29.0,80
2014-06,23.7,87
2014-06,8.5,83
2014-06,27.6,81
2014-06,28.1,82
2014-06,15.4,89
2014-06,23.0,89
2014-06,27.5,86
2014-06,24.6,84
2014-06,27.6,83
2014-06,28.8,80
2014-06,27.2,83
2014-06,25.8,89
2014-06,28.6,74
2014-06,28.0,78
2014-07,30.4,73
2014-07,30.5,68
2014-07,29.8,75
2014-07,29.8,75
2014-07,29.6,82
2014-07,29.6,75
2014-07,29.8,81
2014-07,30.3,78
2014-07,30.4,74
2014-07,30.1,73
2014-07,29.5,78
2014-07,28.5,86
2014-07,29.5,77
2014-07,23.9,86
2014-07,30.4,77
2014-07,25.4,82
2014-07,9.6,69
2014-07,29.2,77
2014-07,30.0,77
2014-07,15.8,88
2014-07,24.0,86
2014-07,29.8,79
2014-07,28.3,82
2014-07,29.2,80
2014-07,29.9,80
2014-07,30.0,72
2014-07,26.6,86
2014-07,30.1,71
2014-07,30.2,72
2014-08,29.9,74
2014-08,30.2,68
2014-08,29.1,75
2014-08,29.3,75
2014-08,28.6,83
2014-08,29.1,76
2014-08,28.9,82
2014-08,29.1,79
2014-08,29.7,75
2014-08,28.9,80
2014-08,28.9,78
2014-08,28.4,84
2014-08,29.1,78
2014-08,23.5,86
2014-08,29.0,80
2014-08,25.1,83
2014-08,8.6,76
2014-08,28.4,79
2014-08,29.0,78
2014-08,14.9,92
2014-08,23.2,87
2014-08,29.3,80
2014-08,28.5,81
2014-08,28.2,81
2014-08,28.7,84
2014-08,29.5,72
2014-08,26.0,87
2014-08,28.9,76
2014-08,29.7,74
2014-09,29.6,72
2014-09,29.7,71
2014-09,28.6,78
2014-09,28.9,73
2014-09,29.1,78
2014-09,28.3,78
2014-09,28.7,75
2014-09,29.5,78
2014-09,29.2,75
2014-09,28.8,79
2014-09,28.0,79
2014-09,27.5,85
2014-09,28.5,78
2014-09,22.9,84
2014-09,29.5,77
2014-09,24.7,80
2014-09,8.6,75
2014-09,28.0,78
2014-09,29.1,78
2014-09,15.1,89
2014-09,23.6,86
2014-09,28.9,78
2014-09,27.5,80
2014-09,28.3,80
2014-09,28.9,74
2014-09,28.7,74
2014-09,25.9,86
2014-09,29.2,74
2014-09,29.6,69
2014-10,24.7,70
2014-10,24.7,71
2014-10,26.3,69
2014-10,23.8,72
2014-10,25.6,70
2014-10,24.1,74
2014-10,24.4,63
2014-10,27.2,70
2014-10,26.2,69
2014-10,24.8,74
2014-10,23.6,77
2014-10,23.8,72
2014-10,25.1,71
2014-10,18.0,85
2014-10,26.4,69
2014-10,19.5,80
2014-10,7.8,49
2014-10,25.3,70
2014-10,24.4,73
2014-10,12.2,81
2014-10,20.9,80
2014-10,24.1,73
2014-10,22.9,69
2014-10,25.2,71
2014-10,26.7,63
2014-10,24.3,70
2014-10,23.6,78
2014-10,25.6,65
2014-10,24.5,68
2014-11,22.0,76
2014-11,22.3,75
2014-11,24.4,70
2014-11,21.4,77
2014-11,23.4,75
2014-11,21.4,81
2014-11,21.0,67
2014-11,25.2,72
2014-11,24.0,71
2014-11,22.6,77
2014-11,21.1,84
2014-11,21.3,76
2014-11,22.6,77
2014-11,16.0,88
2014-11,23.9,73
2014-11,17.5,83
2014-11,,
2014-11,3.8,70
2014-11,23.3,73
2014-11,22.1,79
2014-11,10.7,79
2014-11,19.2,79
2014-11,21.4,79
2014-11,18.8,78
2014-11,23.4,74
2014-11,25.5,68
2014-11,21.8,76
2014-11,21.9,82
2014-11,23.1,72
2014-11,22.0,72
2014-12,16.0,74
2014-12,16.5,70
2014-12,20.2,66
2014-12,15.6,73
2014-12,18.3,71
2014-12,16.3,75
2014-12,14.7,61
2014-12,20.2,68
2014-12,19.0,69
2014-12,16.9,77
2014-12,16.0,77
2014-12,15.6,70
2014-12,17.6,74
2014-12,9.7,89
2014-12,17.9,71
2014-12,11.3,82
2014-12,0.9,73
2014-12,18.5,71
2014-12,16.2,74
2014-12,7.4,79
2014-12,14.2,84
2014-12,15.9,73
2014-12,12.4,68
2014-12,18.7,72
2014-12,21.4,62
2014-12,16.3,71
2014-12,17.7,81
2014-12,17.1,71
2014-12,16.2,69
2015-01,16.0,71
2015-01,16.7,67
2015-01,19.7,66
2015-01,15.8,72
2015-01,17.3,73
2015-01,16.5,74
2015-01,13.9,65
2015-01,19.9,66
2015-01,19.0,68
2015-01,16.8,75
2015-01,16.2,75
2015-01,15.7,70
2015-01,17.8,72
2015-01,9.8,87
2015-01,17.8,70
2015-01,11.6,81
2015-01,1.5,54
2015-01,18.3,70
2015-01,15.9,76
2015-01,6.7,68
2015-01,14.2,76
2015-01,15.6,74
2015-01,11.3,77
2015-01,17.8,72
2015-01,20.8,62
2015-01,16.1,72
2015-01,17.5,76
2015-01,17.1,68
2015-01,16.3,67
2015-02,16.2,78
2015-02,17.3,72
2015-02,20.5,71
2015-02,16.3,77
2015-02,17.8,76
2015-02,17.1,81
2015-02,14.5,69
2015-02,20.8,69
2015-02,20.1,72
2015-02,18.1,77
2015-02,17.1,80
2015-02,16.2,75
2015-02,18.5,79
2015-02,11.3,91
2015-02,18.9,73
2015-02,13.0,85
2015-02,-1.9,80
2015-02,19.3,73
2015-02,16.6,79
2015-02,6.6,78
2015-02,14.7,79
2015-02,15.8,79
2015-02,11.1,81
2015-02,18.2,76
2015-02,21.6,68
2015-02,16.5,78
2015-02,18.6,80
2015-02,18.1,71
2015-02,17.0,72
2015-03,18.3,83
2015-03,18.9,80
2015-03,22.5,74
2015-03,17.9,82
2015-03,20.4,79
2015-03,18.9,84
2015-03,15.8,74
2015-03,23.6,72
2015-03,22.2,74
2015-03,20.9,79
2015-03,18.9,83
2015-03,17.2,83
2015-03,20.4,81
2015-03,13.5,92
2015-03,21.8,75
2015-03,15.0,87
2015-03,2.3,81
2015-03,21.1,79
2015-03,19.1,80
2015-03,10.4,82
2015-03,17.4,83
2015-03,17.7,87
2015-03,12.8,84
2015-03,20.8,79
2015-03,23.8,68
2015-03,17.8,83
2015-03,20.2,85
2015-03,20.7,74
2015-03,18.7,77
2015-04,22.4,78
2015-04,22.7,75
2015-04,25.1,74
2015-04,21.8,77
2015-04,23.5,76
2015-04,22.1,81
2015-04,20.0,74
2015-04,26.2,70
2015-04,24.4,77
2015-04,24.1,76
2015-04,22.0,80
2015-04,20.4,82
2015-04,22.9,82
2015-04,16.8,85
2015-04,24.9,73
2015-04,18.5,80
2015-04,3.6,74
2015-04,23.6,79
2015-04,22.9,75
2015-04,11.8,75
2015-04,19.8,77
2015-04,21.5,84
2015-04,17.6,79
2015-04,23.5,77
2015-04,25.9,72
2015-04,21.6,76
2015-04,22.4,84
2015-04,24.4,68
2015-04,22.6,74
2015-05,25.7,81
2015-05,26.1,78
2015-05,27.2,77
2015-05,25.3,81
2015-05,26.5,82
2015-05,25.2,84
2015-05,23.5,83
2015-05,28.3,77
2015-05,26.5,83
2015-05,27.3,81
2015-05,25.0,84
2015-05,23.7,86
2015-05,25.6,85
2015-05,20.4,90
2015-05,27.7,80
2015-05,22.1,84
2015-05,6.4,83
2015-05,25.7,83
2015-05,26.1,82
2015-05,13.9,85
2015-05,21.1,88
2015-05,25.1,87
2015-05,21.3,85
2015-05,26.6,82
2015-05,27.9,76
2015-05,25.4,78
2015-05,24.4,87
2015-05,26.9,77
2015-05,26.0,76
2015-06,29.6,75
2015-06,30.0,73
2015-06,29.7,73
2015-06,29.2,76
2015-06,29.0,83
2015-06,28.9,79
2015-06,27.5,86
2015-06,30.6,75
2015-06,29.7,76
2015-06,30.1,72
2015-06,28.5,80
2015-06,27.6,87
2015-06,28.9,80
2015-06,23.7,89
2015-06,30.4,74
2015-06,25.2,80
2015-06,8.9,64
2015-06,28.4,80
2015-06,29.4,77
2015-06,15.4,81
2015-06,23.3,84
2015-06,28.9,84
2015-06,25.8,83
2015-06,29.3,81
2015-06,30.2,73
2015-06,29.0,76
2015-06,26.7,83
2015-06,29.7,71
2015-06,29.8,71
2015-07,29.6,74
2015-07,30.0,72
2015-07,28.9,74
2015-07,29.3,72
2015-07,28.5,84
2015-07,29.1,75
2015-07,27.9,78
2015-07,29.5,78
2015-07,29.0,79
2015-07,29.2,75
2015-07,28.8,78
2015-07,28.0,85
2015-07,29.1,76
2015-07,23.6,88
2015-07,29.1,79
2015-07,25.2,79
2015-07,8.0,80
2015-07,28.0,79
2015-07,28.9,77
2015-07,14.7,90
2015-07,23.0,85
2015-07,29.1,80
2015-07,26.4,85
2015-07,28.3,80
2015-07,29.0,76
2015-07,29.4,71
2015-07,26.0,85
2015-07,29.2,71
2015-07,29.7,70
2015-08,28.5,75
2015-08,28.6,76
2015-08,28.4,76
2015-08,28.2,76
2015-08,27.8,86
2015-08,27.5,81
2015-08,27.7,74
2015-08,28.8,80
2015-08,28.6,80
2015-08,28.1,80
2015-08,27.6,83
2015-08,27.0,85
2015-08,28.0,84
2015-08,22.6,93
2015-08,28.4,81
2015-08,24.1,85
2015-08,7.5,82
2015-08,27.8,80
2015-08,28.0,79
2015-08,14.5,90
2015-08,22.3,87
2015-08,28.0,84
2015-08,26.8,87
2015-08,27.7,82
2015-08,28.9,77
2015-08,27.9,77
2015-08,25.9,85
2015-08,28.0,76
2015-08,28.4,73
2015-09,27.1,74
2015-09,27.4,74
2015-09,27.3,74
2015-09,26.8,74
2015-09,27.7,79
2015-09,26.6,77
2015-09,26.2,72
2015-09,28.8,76
2015-09,27.7,77
2015-09,27.5,83
2015-09,26.3,79
2015-09,25.8,80
2015-09,26.9,80
2015-09,21.3,89
2015-09,28.4,76
2015-09,22.9,81
2015-09,8.2,73
2015-09,26.7,78
2015-09,27.1,76
2015-09,14.2,87
2015-09,22.0,87
2015-09,26.6,79
2015-09,25.0,84
2015-09,27.4,80
2015-09,28.4,74
2015-09,26.8,75
2015-09,25.3,80
2015-09,27.8,72
2015-09,27.2,70
2015-10,25.2,75
2015-10,25.2,78
2015-10,26.2,71
2015-10,24.7,73
2015-10,26.1,76
2015-10,24.6,79
2015-10,24.1,67
2015-10,27.7,76
2015-10,26.0,77
2015-10,25.8,85
2015-10,24.1,82
2015-10,23.8,78
2015-10,25.2,79
2015-10,18.7,94
2015-10,26.8,77
2015-10,20.4,85
2015-10,7.2,72
2015-10,25.3,77
2015-10,25.2,77
2015-10,13.6,81
2015-10,21.0,89
2015-10,24.7,77
2015-10,22.3,82
2015-10,26.1,78
2015-10,27.0,72
2015-10,24.8,76
2015-10,23.6,81
2015-10,26.2,72
2015-10,25.2,70
2015-11,23.1,77
2015-11,23.5,79
2015-11,25.1,72
2015-11,23.1,74
2015-11,24.3,77
2015-11,22.7,83
2015-11,22.1,70
2015-11,26.2,74
2015-11,24.7,81
2015-11,24.0,80
2015-11,22.4,83
2015-11,21.9,81
2015-11,23.6,83
2015-11,17.1,95
2015-11,25.1,75
2015-11,18.8,86
2015-11,5.3,64
2015-11,23.8,80
2015-11,23.4,78
2015-11,11.8,78
2015-11,19.8,84
2015-11,22.8,79
2015-11,19.2,87
2015-11,24.5,79
2015-11,26.3,73
2015-11,22.7,80
2015-11,22.7,87
2015-11,24.3,71
2015-11,23.4,71
2015-12,18.3,79
2015-12,18.9,79
2015-12,22.5,68
2015-12,18.5,75
2015-12,19.9,75
2015-12,18.8,81
2015-12,16.6,70
2015-12,22.4,71
2015-12,21.6,78
2015-12,19.8,76
2015-12,18.5,81
2015-12,17.8,75
2015-12,20.4,79
2015-12,12.3,97
2015-12,20.5,75
2015-12,14.2,88
2015-12,2.1,69
2015-12,21.1,75
2015-12,18.6,78
2015-12,9.8,74
2015-12,16.5,82
2015-12,18.4,77
2015-12,13.9,83
2015-12,20.6,77
2015-12,23.6,71
2015-12,18.5,76
2015-12,20.5,83
2015-12,19.6,73
2015-12,18.8,71
2016-01,15.6,83
2016-01,16.2,84
2016-01,20.8,74
2016-01,15.8,81
2016-01,17.0,80
2016-01,16.9,82
2016-01,13.3,76
2016-01,19.3,76
2016-01,19.5,82
2016-01,16.9,82
2016-01,16.5,82
2016-01,15.9,78
2016-01,18.2,84
2016-01,10.3,98
2016-01,17.3,83
2016-01,12.0,92
2016-01,-0.4,83
2016-01,19.1,80
2016-01,15.8,83
2016-01,7.7,81
2016-01,13.9,86
2016-01,15.7,81
2016-01,10.8,86
2016-01,18.1,80
2016-01,22.0,76
2016-01,16.2,80
2016-01,19.1,85
2016-01,16.8,79
2016-02,14.5,79
2016-02,15.5,80
2016-02,20.2,70
2016-02,14.3,79
2016-02,16.6,74
2016-02,16.4,77
2016-02,12.4,70
2016-02,19.6,70
2016-02,19.1,75
2016-02,16.6,76
2016-02,15.8,77
2016-02,15.2,73
2016-02,17.8,76
2016-02,9.7,90
2016-02,17.4,74
2016-02,11.3,84
2016-02,-1.2,79
2016-02,18.4,75
2016-02,15.2,77
2016-02,7.1,79
2016-02,13.8,82
2016-02,14.3,77
2016-02,10.4,81
2016-02,17.7,76
2016-02,21.3,70
2016-02,15.3,76
2016-02,17.9,81
2016-02,16.4,72
2016-02,15.0,77
2016-03,16.7,80
2016-03,17.5,75
2016-03,21.1,75
2016-03,16.1,82
2016-03,18.9,78
2016-03,18.1,79
2016-03,14.2,75
2016-03,21.6,74
2016-03,20.0,81
2016-03,18.7,86
2016-03,17.7,78
2016-03,16.9,77
2016-03,19.0,80
2016-03,12.0,90
2016-03,19.7,78
2016-03,13.6,85
2016-03,0.3,82
2016-03,19.5,79
2016-03,17.2,81
2016-03,8.5,80
2016-03,15.3,82
2016-03,16.3,82
2016-03,12.4,85
2016-03,19.9,78
2016-03,22.7,72
2016-03,16.8,79
2016-03,19.1,81
2016-03,18.3,76
2016-03,17.2,77
2016-04,23.4,79
2016-04,24.0,76
2016-04,25.9,76
2016-04,22.5,84
2016-04,24.5,84
2016-04,23.4,83
2016-04,19.7,82
2016-04,26.9,77
2016-04,25.5,80
2016-04,25.4,84
2016-04,23.3,82
2016-04,20.8,88
2016-04,24.4,83
2016-04,18.6,91
2016-04,26.3,77
2016-04,20.1,88
2016-04,4.1,78
2016-04,24.5,82
2016-04,23.9,83
2016-04,12.3,76
2016-04,20.3,80
2016-04,22.6,86
2016-04,17.6,92
2016-04,24.9,84
2016-04,27.0,78
2016-04,22.5,84
2016-04,23.7,82
2016-04,24.9,77
2016-04,23.7,75
2016-05,26.7,76
2016-05,27.1,71
2016-05,27.8,75
2016-05,25.9,79
2016-05,27.1,83
2016-05,26.1,82
2016-05,24.1,84
2016-05,28.9,76
2016-05,27.7,80
2016-05,27.9,80
2016-05,25.9,82
2016-05,24.3,87
2016-05,26.5,82
2016-05,20.7,93
2016-05,28.4,76
2016-05,22.5,86
2016-05,7.0,76
2016-05,26.4,83
2016-05,26.9,80
2016-05,14.2,82
2016-05,21.9,83
2016-05,26.2,84
2016-05,22.3,91
2016-05,27.0,83
2016-05,28.8,78
2016-05,25.9,83
2016-05,25.1,84
2016-05,27.6,75
2016-05,26.8,71
2016-06,29.3,76
2016-06,29.4,72
2016-06,29.1,76
2016-06,28.3,75
2016-06,28.9,83
2016-06,28.4,79
2016-06,27.9,85
2016-06,29.7,79
2016-06,29.2,79
2016-06,29.1,80
2016-06,28.1,82
2016-06,27.3,87
2016-06,28.3,83
2016-06,23.1,90
2016-06,29.4,79
2016-06,24.7,85
2016-06,8.0,74
2016-06,27.9,82
2016-06,29.0,78
2016-06,15.0,83
2016-06,22.8,84
2016-06,28.7,83
2016-06,26.1,92
2016-06,28.6,85
2016-06,29.6,84
2016-06,28.6,79
2016-06,26.5,84
2016-06,28.8,77
2016-06,28.8,71
2016-07,30.3,72
2016-07,30.3,70
2016-07,29.3,75
2016-07,29.2,73
2016-07,29.3,82
2016-07,29.3,77
2016-07,28.9,82
2016-07,30.2,77
2016-07,30.1,76
2016-07,29.5,77
2016-07,29.1,79
2016-07,28.3,84
2016-07,29.2,81
2016-07,23.9,87
2016-07,29.9,75
2016-07,25.4,83
2016-07,8.7,71
2016-07,28.5,79
2016-07,29.7,75
2016-07,15.2,87
2016-07,23.4,84
2016-07,29.6,79
2016-07,28.0,90
2016-07,29.3,82
2016-07,30.0,80
2016-07,29.6,75
2016-07,26.8,84
2016-07,29.4,73
2016-07,29.9,67
2016-08,29.4,77
2016-08,30.1,67
2016-08,28.1,78
2016-08,29.1,71
2016-08,28.8,82
2016-08,28.9,75
2016-08,28.6,84
2016-08,29.4,79
2016-08,28.9,79
2016-08,29.0,81
2016-08,28.9,77
2016-08,28.7,79
2016-08,28.5,81
2016-08,23.2,85
2016-08,29.3,77
2016-08,25.0,80
2016-08,9.0,74
2016-08,27.6,79
2016-08,29.1,78
2016-08,15.2,90
2016-08,23.1,86
2016-08,29.1,79
2016-08,28.4,87
2016-08,28.4,84
2016-08,28.8,82
2016-08,29.3,74
2016-08,26.2,83
2016-08,28.9,77
2016-08,29.6,68
2016-09,27.9,78
2016-09,27.8,76
2016-09,27.5,79
2016-09,27.0,78
2016-09,27.7,81
2016-09,27.2,82
2016-09,27.6,77
2016-09,28.4,81
2016-09,27.9,81
2016-09,27.6,82
2016-09,27.0,83
2016-09,26.7,83
2016-09,27.3,81
2016-09,21.6,92
2016-09,28.0,81
2016-09,23.2,88
2016-09,7.7,82
2016-09,27.1,81
2016-09,27.4,80
2016-09,14.7,90
2016-09,22.1,84
2016-09,27.4,83
2016-09,26.0,87
2016-09,27.4,84
2016-09,28.4,81
2016-09,27.3,80
2016-09,25.2,88
2016-09,27.9,77
2016-09,27.7,74
2016-10,26.8,79
2016-10,27.0,75
2016-10,27.3,79
2016-10,26.1,77
2016-10,27.0,81
2016-10,26.3,83
2016-10,25.7,80
2016-10,28.4,79
2016-10,27.1,84
2016-10,27.3,80
2016-10,26.2,85
2016-10,25.1,85
2016-10,26.6,81
2016-10,20.7,94
2016-10,27.8,79
2016-10,22.4,88
2016-10,7.2,75
2016-10,26.5,82
2016-10,26.7,80
2016-10,14.5,83
2016-10,22.2,81
2016-10,26.3,85
2016-10,23.8,84
2016-10,26.7,84
2016-10,28.1,78
2016-10,26.2,82
2016-10,24.9,86
2016-10,27.5,77
2016-10,26.9,72
2016-11,22.3,78
2016-11,22.6,74
2016-11,24.5,72
2016-11,21.8,76
2016-11,23.7,76
2016-11,21.9,82
2016-11,20.8,78
2016-11,25.7,72
2016-11,24.0,76
2016-11,23.4,78
2016-11,21.9,82
2016-11,21.6,78
2016-11,23.2,75
2016-11,16.3,92
2016-11,24.3,74
2016-11,17.8,87
2016-11,4.5,74
2016-11,23.2,77
2016-11,22.6,78
2016-11,11.8,79
2016-11,18.9,82
2016-11,21.9,81
2016-11,18.5,81
2016-11,24.1,77
2016-11,25.6,70
2016-11,22.1,79
2016-11,22.2,84
2016-11,23.4,75
2016-11,22.4,72
2016-12,19.5,75
2016-12,20.1,71
2016-12,22.9,66
2016-12,19.3,72
2016-12,20.4,75
2016-12,19.3,81
2016-12,17.4,69
2016-12,22.9,71
2016-12,21.9,71
2016-12,20.4,75
2016-12,19.1,81
2016-12,19.2,74
2016-12,21.0,72
2016-12,13.4,92
2016-12,20.9,74
2016-12,15.1,86
2016-12,2.0,70
2016-12,21.3,73
2016-12,19.4,76
2016-12,9.6,79
2016-12,17.1,76
2016-12,19.3,76
2016-12,14.8,77
2016-12,21.1,76
2016-12,23.8,66
2016-12,19.7,76
2016-12,20.4,81
2016-12,20.4,74
2016-12,19.9,72
ï»?016-01,16.1,79
2017-01,17.7,79
2017-01,18.3,74
2017-01,21.8,67
2017-01,17.4,76
2017-01,18.6,77
2017-01,17.8,81
2017-01,15.6,69
2017-01,21.7,70
2017-01,20.8,69
2017-01,19.0,74
2017-01,17.9,83
2017-01,17.3,76
2017-01,19.6,75
2017-01,11.6,94
2017-01,19.4,74
2017-01,13.5,88
2017-01,1.6,58
2017-01,20.1,76
2017-01,17.6,79
2017-01,8.3,74
2017-01,15.9,75
2017-01,17.5,79
2017-01,12.4,79
2017-01,19.3,77
2017-01,22.7,69
2017-01,17.5,80
2017-01,19.4,80
2017-01,18.9,75
2017-01,18.1,73
2017-02,16.3,75
2017-02,17.0,69
2017-02,20.7,67
2017-02,15.9,74
2017-02,17.3,75
2017-02,16.8,76
2017-02,14.1,68
2017-02,21.1,67
2017-02,19.6,71
2017-02,18.0,72
2017-02,16.7,77
2017-02,16.1,73
2017-02,18.6,72
2017-02,10.4,91
2017-02,18.6,71
2017-02,12.2,84
2017-02,0.1,66
2017-02,18.8,73
2017-02,16.3,75
2017-02,7.0,84
2017-02,14.6,77
2017-02,15.9,75
2017-02,10.9,79
2017-02,18.3,75
2017-02,21.8,67
2017-02,16.4,75
2017-02,18.4,78
2017-02,18.0,71
2017-02,16.8,68
2017-03,17.7,77
2017-03,18.2,75
2017-03,22.0,73
2017-03,17.2,79
2017-03,20.6,73
2017-03,18.4,78
2017-03,15.6,75
2017-03,23.5,69
2017-03,20.9,76
2017-03,20.8,76
2017-03,18.3,79
2017-03,17.3,76
2017-03,19.6,79
2017-03,12.4,91
2017-03,21.5,70
2017-03,14.1,85
2017-03,0.3,87
2017-03,20.2,80
2017-03,18.6,77
2017-03,9.5,82
2017-03,16.6,81
2017-03,17.4,81
2017-03,12.4,85
2017-03,21.4,74
2017-03,23.4,70
2017-03,17.3,80
2017-03,19.6,81
2017-03,20.2,73
2017-03,18.0,72
2017-04,22.2,72
2017-04,22.5,66
2017-04,24.3,73
2017-04,21.8,73
2017-04,23.9,74
2017-04,21.7,75
2017-04,20.1,75
2017-04,25.6,71
2017-04,23.6,75
2017-04,23.9,75
2017-04,21.6,77
2017-04,20.8,78
2017-04,22.6,77
2017-04,16.5,85
2017-04,24.6,71
2017-04,17.9,80
2017-04,3.4,79
2017-04,22.6,79
2017-04,22.8,72
2017-04,11.7,80
2017-04,18.6,82
2017-04,21.9,77
2017-04,18.1,81
2017-04,24.1,74
2017-04,25.5,71
2017-04,21.7,73
2017-04,21.6,82
2017-04,23.2,73
2017-04,22.2,69
2017-05,25.7,75
2017-05,25.6,73
2017-05,26.6,77
2017-05,25.5,75
2017-05,26.2,79
2017-05,24.5,83
2017-05,24.1,79
2017-05,28.2,74
2017-05,26.2,79
2017-05,27.0,77
2017-05,24.4,85
2017-05,23.6,85
2017-05,25.2,80
2017-05,19.4,90
2017-05,27.7,73
2017-05,21.1,84
2017-05,5.4,84
2017-05,25.4,84
2017-05,26.0,77
2017-05,13.6,92
2017-05,21.1,86
2017-05,25.3,81
2017-05,22.0,84
2017-05,26.4,79
2017-05,28.1,72
2017-05,24.6,77
2017-05,24.0,89
2017-05,26.7,75
2017-05,25.6,75
2017-06,28.0,78
2017-06,28.0,75
2017-06,29.1,74
2017-06,27.2,83
2017-06,28.3,85
2017-06,27.2,84
2017-06,26.3,87
2017-06,29.7,77
2017-06,29.0,77
2017-06,29.0,78
2017-06,27.3,87
2017-06,26.3,89
2017-06,27.6,80
2017-06,22.3,90
2017-06,29.3,79
2017-06,23.8,85
2017-06,7.6,83
2017-06,27.6,83
2017-06,28.0,81
2017-06,14.8,89
2017-06,22.3,86
2017-06,27.6,86
2017-06,24.3,90
2017-06,28.3,85
2017-06,29.8,75
2017-06,27.3,78
2017-06,26.5,85
2017-06,27.9,81
2017-06,27.9,79
2017-07,29.5,72
2017-07,30.3,64
2017-07,28.5,77
2017-07,29.6,75
2017-07,29.8,79
2017-07,29.3,74
2017-07,29.0,78
2017-07,30.4,71
2017-07,29.4,74
2017-07,28.9,80
2017-07,29.6,77
2017-07,28.4,85
2017-07,29.1,74
2017-07,23.6,85
2017-07,29.6,76
2017-07,25.1,81
2017-07,8.5,77
2017-07,28.1,79
2017-07,29.5,75
2017-07,15.0,93
2017-07,22.9,83
2017-07,29.8,78
2017-07,28.3,83
2017-07,29.6,81
2017-07,29.4,77
2017-07,30.0,66
2017-07,26.3,85
2017-07,28.7,78
2017-07,29.7,72
2017-08,30.3,70
2017-08,31.1,64
2017-08,29.1,74
2017-08,30.3,71
2017-08,29.5,82
2017-08,29.2,77
2017-08,29.0,80
2017-08,30.1,75
2017-08,29.6,74
2017-08,29.8,76
2017-08,29.8,78
2017-08,28.7,85
2017-08,29.4,74
2017-08,24.0,84
2017-08,29.9,74
2017-08,25.7,79
2017-08,9.2,75
2017-08,28.4,79
2017-08,29.6,76
2017-08,15.7,91
2017-08,23.5,83
2017-08,29.9,77
2017-08,28.0,85
2017-08,29.5,81
2017-08,29.6,78
2017-08,30.2,68
2017-08,26.3,87
2017-08,29.4,77
2017-08,30.7,69
2017-09,29.0,70
2017-09,29.6,65
2017-09,28.5,78
2017-09,28.7,74
2017-09,29.3,79
2017-09,28.3,77
2017-09,28.9,75
2017-09,30.2,74
2017-09,29.0,78
2017-09,29.5,76
2017-09,28.7,78
2017-09,28.0,81
2017-09,28.6,77
2017-09,22.8,86
2017-09,30.0,69
2017-09,24.5,80
2017-09,9.7,70
2017-09,27.9,81
2017-09,29.1,74
2017-09,15.7,89
2017-09,23.4,81
2017-09,28.7,78
2017-09,27.5,81
2017-09,29.0,80
2017-09,29.3,77
2017-09,28.6,69
2017-09,26.2,86
2017-09,29.3,74
2017-09,29.2,72
2017-10,25.8,71
2017-10,25.6,73
2017-10,27.2,72
2017-10,25.0,80
2017-10,26.7,74
2017-10,25.3,77
2017-10,25.8,61
2017-10,28.0,73
2017-10,26.5,75
2017-10,26.2,74
2017-10,25.3,79
2017-10,24.8,78
2017-10,25.9,75
2017-10,18.9,94
2017-10,27.1,70
2017-10,20.5,86
2017-10,8.3,59
2017-10,25.9,75
2017-10,25.7,73
2017-10,14.0,82
2017-10,21.4,78
2017-10,25.2,76
2017-10,23.1,74
2017-10,26.8,76
2017-10,27.7,71
2017-10,25.4,73
2017-10,24.4,85
2017-10,26.5,72
2017-10,25.3,74
2017-11,22.0,81
2017-11,22.5,77
2017-11,25.1,73
2017-11,21.8,86
2017-11,22.9,79
2017-11,21.7,88
2017-11,20.8,68
2017-11,25.5,74
2017-11,24.5,76
2017-11,23.3,78
2017-11,22.0,86
2017-11,21.5,82
2017-11,23.4,78
2017-11,16.4,96
2017-11,23.8,73
2017-11,18.0,88
2017-11,5.0,84
2017-11,23.6,78
2017-11,22.0,80
2017-11,13.0,84
2017-11,19.7,81
2017-11,21.5,84
2017-11,17.7,79
2017-11,23.6,78
2017-11,26.0,69
2017-11,21.8,81
2017-11,22.3,88
2017-11,23.3,79
2017-11,22.3,78
2017-12,17.5,74
2017-12,17.8,74
2017-12,21.6,65
2017-12,17.5,74
2017-12,18.6,75
2017-12,17.2,84
2017-12,16.1,59
2017-12,21.4,69
2017-12,20.4,70
2017-12,18.6,78
2017-12,17.5,82
2017-12,17.2,71
2017-12,19.4,73
2017-12,11.0,95
2017-12,19.1,72
2017-12,12.9,85
2017-12,2.1,54
2017-12,19.6,73
2017-12,17.6,74
2017-12,9.0,78
2017-12,15.2,79
2017-12,17.2,75
2017-12,12.8,71
2017-12,19.6,74
2017-12,22.1,65
2017-12,17.5,73
2017-12,18.8,82
2017-12,18.5,76
2017-12,17.6,75
2018-01,16.3,76
2018-01,16.9,79
2018-01,20.0,73
2018-01,16.6,76
2018-01,17.6,77
2018-01,16.6,82
2018-01,14.2,72
2018-01,20.4,72
2018-01,19.1,76
2018-01,17.4,83
2018-01,16.7,81
2018-01,16.0,76
2018-01,18.2,76
2018-01,10.6,93
2018-01,18.1,75
2018-01,12.3,86
2018-01,0.5,65
2018-01,18.6,77
2018-01,16.2,79
2018-01,8.4,80
2018-01,14.8,76
2018-01,15.9,79
2018-01,10.7,80
2018-01,18.6,77
2018-01,21.4,67
2018-01,16.3,79
2018-01,18.2,89
2018-01,17.3,81
2018-01,16.6,77
2018-01,16.6,77
2018-01,16.6,76
2018-01,10.6,93
2018-01,16.9,79
2018-01,12.3,86
2018-01,16.3,79
2018-01,16.0,76
2018-01,18.2,76
2018-01,15.9,79
2018-01,16.6,82
2018-01,16.7,81
2018-01,14.2,72
2018-01,18.6,77
2018-01,17.6,77
2018-01,18.1,75
2018-01,20.4,72
2018-01,17.4,83
2018-01,17.3,81
2018-01,8.4,80
2018-01,20.0,73
2018-01,0.5,65
2018-01,16.3,76
2018-01,21.4,67
2018-01,18.6,77
2018-01,18.2,89
2018-01,14.8,76
2018-01,19.1,76
2018-01,16.2,79
2018-01,10.7,80
2018-02,15.1,80
2018-02,14.7,79
2018-02,9.8,91
2018-02,15.6,79
2018-02,11.3,86
2018-02,15.0,78
2018-02,15.2,76
2018-02,17.6,77
2018-02,14.2,80
2018-02,15.8,82
2018-02,16.2,79
2018-02,12.6,71
2018-02,17.5,78
2018-02,16.4,77
2018-02,17.5,76
2018-02,19.8,67
2018-02,16.8,81
2018-02,16.5,79
2018-02,7.8,82
2018-02,19.8,71
2018-02,-0.3,66
2018-02,14.6,79
2018-02,21.2,66
2018-02,18.2,76
2018-02,18.0,90
2018-02,14.0,81
2018-02,18.9,74
2018-02,15.0,78
2018-02,9.7,77
2018-03,19.9,74
2018-03,19.8,70
2018-03,13.9,86
2018-03,20.6,69
2018-03,15.6,80
2018-03,19.4,73
2018-03,19.2,74
2018-03,21.0,75
2018-03,19.0,76
2018-03,20.1,75
2018-03,20.5,72
2018-03,16.9,75
2018-03,21.8,75
2018-03,21.1,75
2018-03,22.3,70
2018-03,23.5,65
2018-03,21.0,77
2018-03,20.8,73
2018-03,8.9,71
2018-03,22.7,69
2018-03,1.4,60
2018-03,19.3,73
2018-03,23.9,64
2018-03,21.0,76
2018-03,20.5,79
2018-03,16.8,73
2018-03,22.1,72
2018-03,19.9,74
2018-03,14.0,83
2018-04,23.0,71
2018-04,23.3,70
2018-04,16.8,87
2018-04,23.5,66
2018-04,18.4,80
2018-04,22.6,74
2018-04,21.2,77
2018-04,22.8,74
2018-04,22.6,76
2018-04,22.2,77
2018-04,22.6,74
2018-04,21.1,76
2018-04,24.5,78
2018-04,24.4,76
2018-04,25.6,68
2018-04,26.3,67
2018-04,24.6,75
2018-04,24.3,71
2018-04,12.0,77
2018-04,24.4,71
2018-04,4.8,76
2018-04,23.0,72
2018-04,25.6,68
2018-04,22.8,79
2018-04,22.1,83
2018-04,18.8,79
2018-04,23.9,75
2018-04,23.6,71
2018-04,18.9,81
2018-05,27.8,70
2018-05,27.4,74
2018-05,21.3,87
2018-05,28.2,64
2018-05,22.9,80
2018-05,26.7,70
2018-05,25.3,82
2018-05,27.0,75
2018-05,26.7,79
2018-05,26.7,78
2018-05,27.0,76
2018-05,25.7,82
2018-05,27.5,81
2018-05,27.5,82
2018-05,28.9,71
2018-05,29.1,72
2018-05,28.5,76
2018-05,28.3,74
2018-05,14.1,86
2018-05,27.8,71
2018-05,8.0,75
2018-05,27.4,74
2018-05,28.6,73
2018-05,26.3,85
2018-05,25.4,83
2018-05,22.3,79
2018-05,27.7,78
2018-05,27.3,75
2018-05,24.0,81
2018-06,28.3,75
2018-06,28.0,75
2018-06,21.9,89
2018-06,28.5,69
2018-06,23.6,83
2018-06,27.2,79
2018-06,26.1,86
2018-06,27.8,78
2018-06,27.4,80
2018-06,27.3,81
2018-06,27.8,79
2018-06,27.1,81
2018-06,28.1,82
2018-06,28.1,83
2018-06,29.0,75
2018-06,29.1,75
2018-06,28.5,79
2018-06,28.7,76
2018-06,14.4,96
2018-06,28.2,77
2018-06,8.3,91
2018-06,28.5,73
2018-06,28.8,80
2018-06,27.1,84
2018-06,26.0,86
2018-06,22.6,80
2018-06,28.3,81
2018-06,28.1,76
2018-06,25.2,84
2018-07,30.0,71
2018-07,28.0,80
2018-07,23.1,87
2018-07,30.3,65
2018-07,24.8,82
2018-07,29.6,72
2018-07,27.9,85
2018-07,28.8,73
2018-07,29.3,77
2018-07,28.7,76
2018-07,29.2,75
2018-07,29.3,78
2018-07,29.2,83
2018-07,29.2,85
2018-07,29.2,75
2018-07,29.2,76
2018-07,29.0,79
2018-07,28.6,82
2018-07,14.2,93
2018-07,28.7,73
2018-07,7.6,90
2018-07,29.9,70
2018-07,28.7,81
2018-07,27.6,78
2018-07,26.3,82
2018-07,22.7,80
2018-07,28.8,78
2018-07,29.1,76
2018-07,27.9,85
2018-08,29.0,75
2018-08,29.0,77
2018-08,22.7,91
2018-08,29.5,70
2018-08,24.3,86
2018-08,28.9,74
2018-08,28.4,80
2018-08,28.5,79
2018-08,28.7,81
2018-08,28.4,77
2018-08,29.1,76
2018-08,28.8,80
2018-08,28.5,82
2018-08,28.4,86
2018-08,27.8,81
2018-08,28.0,79
2018-08,28.3,78
2018-08,27.9,83
2018-08,14.1,90
2018-08,27.5,79
2018-08,7.2,93
2018-08,29.0,73
2018-08,27.8,88
2018-08,27.3,82
2018-08,25.8,87
2018-08,22.2,89
2018-08,28.5,81
2018-08,28.3,79
2018-08,28.1,84
2018-09,27.8,72
2018-09,27.0,81
2018-09,21.6,90
2018-09,28.2,70
2018-09,23.2,85
2018-09,27.9,72
2018-09,27.2,79
2018-09,27.7,80
2018-09,27.4,80
2018-09,27.3,77
2018-09,27.7,77
2018-09,27.5,75
2018-09,28.1,80
2018-09,28.1,81
2018-09,28.9,73
2018-09,29.1,74
2018-09,28.1,78
2018-09,28.3,74
2018-09,14.1,93
2018-09,27.5,77
2018-09,7.1,83
2018-09,27.7,72
2018-09,28.1,80
2018-09,26.9,79
2018-09,25.6,85
2018-09,22.4,83
2018-09,28.1,79
2018-09,27.8,76
2018-09,26.4,80
2018-10,23.1,74
2018-10,22.1,80
2018-10,16.7,92
2018-10,23.3,71
2018-10,18.4,85
2018-10,23.3,72
2018-10,23.1,69
2018-10,24.2,73
2018-10,23.1,73
2018-10,22.8,78
2018-10,22.8,77
2018-10,23.4,63
2018-10,25.4,73
2018-10,25.1,73
2018-10,25.8,70
2018-10,26.8,70
2018-10,24.6,75
2018-10,24.9,68
2018-10,11.8,89
2018-10,25.3,70
2018-10,4.8,78
2018-10,23.6,69
2018-10,26.1,71
2018-10,24.3,76
2018-10,23.3,87
2018-10,20.2,77
2018-10,25.1,74
2018-10,23.5,71
2018-10,21.6,71
2018-11,22.4,78
2018-11,22.0,84
2018-11,16.3,95
2018-11,22.7,74
2018-11,18.0,88
2018-11,22.3,76
2018-11,21.8,80
2018-11,22.8,78
2018-11,21.8,82
2018-11,21.8,84
2018-11,22.0,87
2018-11,20.7,75
2018-11,24.2,75
2018-11,23.5,81
2018-11,24.2,76
2018-11,25.6,73
2018-11,23.1,80
2018-11,23.4,75
2018-11,11.0,85
2018-11,24.3,73
2018-11,4.4,67
2018-11,22.3,76
2018-11,25.3,74
2018-11,22.9,81
2018-11,22.3,92
2018-11,19.3,76
2018-11,24.0,77
2018-11,22.3,79
2018-11,18.2,84
2018-12,19.1,82
2018-12,18.6,85
2018-12,13.5,92
2018-12,19.5,75
2018-12,15.0,87
2018-12,19.1,77
2018-12,18.7,81
2018-12,21.0,75
2018-12,18.5,82
2018-12,19.0,85
2018-12,19.3,85
2018-12,17.2,72
2018-12,21.6,75
2018-12,20.7,80
2018-12,21.6,74
2018-12,23.4,70
2018-12,20.7,75
2018-12,20.8,72
2018-12,10.0,84
2018-12,22.7,70
2018-12,5.1,65
2018-12,19.1,75
2018-12,23.6,71
2018-12,21.1,75
2018-12,20.6,92
2018-12,17.8,74
2018-12,22.0,74
2018-12,19.5,77
2018-12,14.0,81
